{
  "project_info": {
    "project_number": "678670430154",
    "project_id": "pruebaandroidfirebaselm",
    "storage_bucket": "pruebaandroidfirebaselm.appspot.com"
  },
  "client": [
    {
      "client_info": {
        "mobilesdk_app_id": "1:678670430154:android:6c10a240426b387ab96933",
        "android_client_info": {
          "package_name": "com.example.pokedex"
        }
      },
      "oauth_client": [
        {
          "client_id": "678670430154-v758fdldi2b9o1jeb1mdg1efsl4qi0ai.apps.googleusercontent.com",
          "client_type": 3
        }
      ],
      "api_key": [
        {
          "current_key": "AIzaSyBhsoje_hNO-1h2GDFGJWg7QnN4k_qb5cs"
        }
      ],
      "services": {
        "appinvite_service": {
          "other_platform_oauth_client": [
            {
              "client_id": "678670430154-v758fdldi2b9o1jeb1mdg1efsl4qi0ai.apps.googleusercontent.com",
              "client_type": 3
            }
          ]
        }
      }
    }
  ],
  "configuration_version": "1"
}